<?xml version="1.0" encoding="UTF-8"?>
<metadata>
  <identifier>10-schemes</identifier>
  <mediatype>software</mediatype>
  <collection>open_source_software</collection>
  <creator>Microsoft</creator>
  <description>&lt;div&gt;&lt;div&gt;Colors/metrics/fonts 
schemes 
for the Win32 interface, these are Windows 10. Windows 10 is based on the Windows NT 10 kernel, which is actually the Windows NT 6.4 kernel.&lt;br /&gt;The Aero and Aerolite schemes are intended to be used with the Aero" and Aerolite visual styles, in the version of Windows 10. The high contrast schemes (HC1, HC2, HCB and HCW) are designed for be used with the Aerolite visual style in high contrast mode. Finally, the other schemes come from the old register key of scheme for the classic theme (which is still present in Windows 10). They are therefore intended to be used with the classic theme.&lt;br /&gt;This is done for archival purposes only, for non-commercial use.&lt;br /&gt;The files provided are compatible with this tool : https://gitlab.com/ftortoriello/WinClassicThemeConfig/-/releases
&lt;/div&gt;
&lt;/div&gt;</description>
  <licenseurl>https://creativecommons.org/licenses/by-nc-sa/4.0/</licenseurl>
  <scanner>Internet Archive HTML5 Uploader 1.7.0</scanner>
  <subject>Windows ; Win32 ; GUI ; Customization ; Windows 10</subject>
  <title>Windows 10 Win32 schemes</title>
  <uploader>romanetlem@yahoo.fr</uploader>
  <publicdate>2023-08-08 23:46:39</publicdate>
  <addeddate>2023-08-08 23:46:39</addeddate>
  <curation>[curator]validator@archive.org[/curator][date]20230808235245[/date][comment]checked for malware[/comment]</curation>
</metadata>
