<?xml version="1.0" encoding="UTF-8"?>
<files>
  <file name="10-schemes_archive.torrent" source="metadata">
    <btih>e7837c6730f6ef2b92b08cf923abf201db8780f8</btih>
    <mtime>1691589001</mtime>
    <size>9791</size>
    <md5>025e0e5278fd63f9812fe714687909f5</md5>
    <crc32>956367cd</crc32>
    <sha1>0ef9ec9fb2c85b772f0875c206db53540183f8a7</sha1>
    <format>Archive BitTorrent</format>
  </file>
  <file name="10-schemes_files.xml" source="original">
    <format>Metadata</format>
    <md5>4a11a0baa6e3b17fe1e3d713b9f2c835</md5>
    <summation>md5</summation>
  </file>
  <file name="10-schemes_meta.sqlite" source="original">
    <mtime>1691588415</mtime>
    <size>90112</size>
    <md5>90a8d525cad2a1f90b81e8cd9e5d56f6</md5>
    <crc32>2ecacc7c</crc32>
    <sha1>4f834b19d34009a92323e97ad7cbf7c4ac55b50f</sha1>
    <format>Metadata</format>
  </file>
  <file name="10-schemes_meta.xml" source="original">
    <mtime>1691538765</mtime>
    <size>1640</size>
    <md5>f2e864937bb65d6b3ff89c7f5e9b2af1</md5>
    <crc32>93496ad1</crc32>
    <sha1>878045d113e8d1ab7663d394061db7b4c2def4fd</sha1>
    <format>Metadata</format>
  </file>
  <file name="A 1.png" source="original">
    <mtime>1691588303</mtime>
    <size>21755</size>
    <md5>965064f1db8a9ecb4cb1bf3b30e67c7f</md5>
    <crc32>faa91f3f</crc32>
    <sha1>6579f30c00fd1891afc5896b8d66a3392115f241</sha1>
    <format>PNG</format>
  </file>
  <file name="A 1_thumb.jpg" source="derivative">
    <format>JPEG Thumb</format>
    <original>A 1.png</original>
    <mtime>1691588851</mtime>
    <size>9194</size>
    <md5>d1cd272ddd0476538766ad508d5feb19</md5>
    <crc32>74f763f3</crc32>
    <sha1>d99f91135a35192e1f96f3419afe52f30ed357e6</sha1>
  </file>
  <file name="A 2.png" source="original">
    <mtime>1691588306</mtime>
    <size>20532</size>
    <md5>ab3722901e3b18f2e95e6bc03ff3a396</md5>
    <crc32>20035f03</crc32>
    <sha1>4e7bcde3f25f2917609cd58ba054a141b3e112a2</sha1>
    <format>PNG</format>
  </file>
  <file name="A 2_thumb.jpg" source="derivative">
    <format>JPEG Thumb</format>
    <original>A 2.png</original>
    <mtime>1691588858</mtime>
    <size>9399</size>
    <md5>7603fb93dabb23cfe148cc9bfe5ec5e3</md5>
    <crc32>4cc3eb74</crc32>
    <sha1>050b00a4eddfe7c0402f569d2050cc29485ee46c</sha1>
  </file>
  <file name="A B.png" source="original">
    <mtime>1691588314</mtime>
    <size>22639</size>
    <md5>d77f1773d1e5c0b8a42acf823291f5a0</md5>
    <crc32>ade424b2</crc32>
    <sha1>ec81d41bd57c48a71434e625dd35dc9ca6d6dfe3</sha1>
    <format>PNG</format>
  </file>
  <file name="A B_thumb.jpg" source="derivative">
    <format>JPEG Thumb</format>
    <original>A B.png</original>
    <mtime>1691588867</mtime>
    <size>9328</size>
    <md5>cfd7d85f2a65b27ccfecc64fad977058</md5>
    <crc32>7fb1de6d</crc32>
    <sha1>66607019a8ba7ac880d97e31cb70d57ea27b81a1</sha1>
  </file>
  <file name="AL 1.png" source="original">
    <mtime>1691588317</mtime>
    <size>21152</size>
    <md5>f77a37fed85fd9ef7cd0f36556bc8d53</md5>
    <crc32>d18bca84</crc32>
    <sha1>49cb62e4c62d8434da1cd89cf209dcaa13bad7cb</sha1>
    <format>PNG</format>
  </file>
  <file name="AL 1_thumb.jpg" source="derivative">
    <format>JPEG Thumb</format>
    <original>AL 1.png</original>
    <mtime>1691588875</mtime>
    <size>10107</size>
    <md5>a2272841b603ece740838ebd8b7adc10</md5>
    <crc32>8156b8f3</crc32>
    <sha1>a3ad6d54255dc2ee119af599970e5d80aadb152f</sha1>
  </file>
  <file name="AL 2.png" source="original">
    <mtime>1691588320</mtime>
    <size>21150</size>
    <md5>4bb9907b7e108f2405882131069ec78d</md5>
    <crc32>f66e2e1c</crc32>
    <sha1>1690e7ac67856833bc700c8ba7aaf834efb1554d</sha1>
    <format>PNG</format>
  </file>
  <file name="AL 2_thumb.jpg" source="derivative">
    <format>JPEG Thumb</format>
    <original>AL 2.png</original>
    <mtime>1691588882</mtime>
    <size>9993</size>
    <md5>490bbc03b391705f95b0ef8fd0ca00c8</md5>
    <crc32>1e0bedce</crc32>
    <sha1>f65752d0f2fae74ceb7b1b93ea0e7863e5e2a4e4</sha1>
  </file>
  <file name="AL B.png" source="original">
    <mtime>1691588322</mtime>
    <size>21137</size>
    <md5>80ded611b72a6dab5be3cfc5f98d8f24</md5>
    <crc32>6d375dc0</crc32>
    <sha1>f004a7ce26a26f12f3abb9648f624a248acf00c6</sha1>
    <format>PNG</format>
  </file>
  <file name="AL B_thumb.jpg" source="derivative">
    <format>JPEG Thumb</format>
    <original>AL B.png</original>
    <mtime>1691588889</mtime>
    <size>9643</size>
    <md5>d70de52858a4545f31fcd780a6cfe538</md5>
    <crc32>51f5f5ec</crc32>
    <sha1>45189c6fea4a34ecd5b1c87b49282f266c31fd72</sha1>
  </file>
  <file name="HC1 B.png" source="original">
    <mtime>1691588325</mtime>
    <size>24469</size>
    <md5>83319e112ad4b626db8f90d5a42af07b</md5>
    <crc32>53d4f94f</crc32>
    <sha1>e7f0de86c148913312633d496cb5fc3bbdc3f43d</sha1>
    <format>PNG</format>
  </file>
  <file name="HC1 B_thumb.jpg" source="derivative">
    <format>JPEG Thumb</format>
    <original>HC1 B.png</original>
    <mtime>1691588896</mtime>
    <size>13212</size>
    <md5>7db297abd5bd8db990d073545f79a1fb</md5>
    <crc32>c8ee0755</crc32>
    <sha1>87e36e7c1a565fa96d84b8dabf78efd15bc7538b</sha1>
  </file>
  <file name="HC1 C.png" source="original">
    <mtime>1691588333</mtime>
    <size>23285</size>
    <md5>889b571f30ab45b758437fe861884846</md5>
    <crc32>e5835a76</crc32>
    <sha1>d39c4bbf10f5bbfbbaa27ce7e4784f0ba28f5eec</sha1>
    <format>PNG</format>
  </file>
  <file name="HC1 C_thumb.jpg" source="derivative">
    <format>JPEG Thumb</format>
    <original>HC1 C.png</original>
    <mtime>1691588904</mtime>
    <size>12881</size>
    <md5>f00a3e07250a4c4d9656e70e46d468d7</md5>
    <crc32>292c0345</crc32>
    <sha1>af41268df541442c886b39012d70d70fee1b4f18</sha1>
  </file>
  <file name="HC1.png" source="original">
    <mtime>1691588336</mtime>
    <size>24532</size>
    <md5>301dbeec0839a6e5aa480237977d5bb7</md5>
    <crc32>16e9db02</crc32>
    <sha1>6f120c99ba2ab6f808793707eda9407270897796</sha1>
    <format>PNG</format>
  </file>
  <file name="HC1_thumb.jpg" source="derivative">
    <format>JPEG Thumb</format>
    <original>HC1.png</original>
    <mtime>1691588912</mtime>
    <size>13223</size>
    <md5>580e0f56db34cfdb27f662383474b6b8</md5>
    <crc32>35d1212b</crc32>
    <sha1>1751a48eb3dcde36f761a02385b95d5bac78f126</sha1>
  </file>
  <file name="HC2 B.png" source="original">
    <mtime>1691588339</mtime>
    <size>23853</size>
    <md5>174c8691ac03448de37cce24da52cc98</md5>
    <crc32>a4c0cd7f</crc32>
    <sha1>9e2061205b9ffbc60c1fc7a90c7e7cb2e4282383</sha1>
    <format>PNG</format>
  </file>
  <file name="HC2 B_thumb.jpg" source="derivative">
    <format>JPEG Thumb</format>
    <original>HC2 B.png</original>
    <mtime>1691588919</mtime>
    <size>13156</size>
    <md5>8bf48c33d9b686da90c7cd049889a166</md5>
    <crc32>8a038938</crc32>
    <sha1>7526cef7348e29c6a2c250d884f8107889dd2703</sha1>
  </file>
  <file name="HC2 C.png" source="original">
    <mtime>1691588341</mtime>
    <size>23122</size>
    <md5>2a41067644064d71e88801ba4645e9fc</md5>
    <crc32>95cf2f49</crc32>
    <sha1>81de8aa4eb168921f8735ce0fb79f67dc1226eed</sha1>
    <format>PNG</format>
  </file>
  <file name="HC2 C_thumb.jpg" source="derivative">
    <format>JPEG Thumb</format>
    <original>HC2 C.png</original>
    <mtime>1691588926</mtime>
    <size>12707</size>
    <md5>db2dc5f188fafbbf08f212952f2ee59b</md5>
    <crc32>fd9a084a</crc32>
    <sha1>b0aa1187359b1e3078e95cc73ccb53f9f0827ef7</sha1>
  </file>
  <file name="HC2.png" source="original">
    <mtime>1691588344</mtime>
    <size>23917</size>
    <md5>60ba6f23927f0c44337e86ef929433a6</md5>
    <crc32>515b8b04</crc32>
    <sha1>787260fbc80b335d69cb41ea6429fd07d5b95dca</sha1>
    <format>PNG</format>
  </file>
  <file name="HC2_thumb.jpg" source="derivative">
    <format>JPEG Thumb</format>
    <original>HC2.png</original>
    <mtime>1691588933</mtime>
    <size>13160</size>
    <md5>3eb6f40c05129c0f68ebd24768e04105</md5>
    <crc32>921a4cda</crc32>
    <sha1>8c524b84383da8877e179b34f259e0dc20da58ba</sha1>
  </file>
  <file name="HCB B.png" source="original">
    <mtime>1691588347</mtime>
    <size>26225</size>
    <md5>ea692dddc29611407822f57e7d1656a7</md5>
    <crc32>6e58f8b6</crc32>
    <sha1>72aef00bfcda2568be394a9c9be15efeddf03814</sha1>
    <format>PNG</format>
  </file>
  <file name="HCB B_thumb.jpg" source="derivative">
    <format>JPEG Thumb</format>
    <original>HCB B.png</original>
    <mtime>1691588941</mtime>
    <size>12897</size>
    <md5>f3d883d81a9f95e7415707f5a585f72e</md5>
    <crc32>4ddcdeca</crc32>
    <sha1>df5f2e75b2311c694f9ec18fa0ebbfe5b8045826</sha1>
  </file>
  <file name="HCB C.png" source="original">
    <mtime>1691588349</mtime>
    <size>23624</size>
    <md5>15720534acf3a724bd5f3d9f382ba5f8</md5>
    <crc32>931cf498</crc32>
    <sha1>011cab02f1a670c8b14d4a3ca03dd873b088cc91</sha1>
    <format>PNG</format>
  </file>
  <file name="HCB C_thumb.jpg" source="derivative">
    <format>JPEG Thumb</format>
    <original>HCB C.png</original>
    <mtime>1691588949</mtime>
    <size>12603</size>
    <md5>331b088379f29ed47fc01fb7a3b4873c</md5>
    <crc32>c90c6617</crc32>
    <sha1>df5e0eae326a0ee69745e35e7e74d234c78e2d2e</sha1>
  </file>
  <file name="HCB.png" source="original">
    <mtime>1691588352</mtime>
    <size>26294</size>
    <md5>4fe98938983d676155b8c069b6d441c8</md5>
    <crc32>f390f8f0</crc32>
    <sha1>3734cc0902efad030323f2654e8d434e8c6a3b55</sha1>
    <format>PNG</format>
  </file>
  <file name="HCB_thumb.jpg" source="derivative">
    <format>JPEG Thumb</format>
    <original>HCB.png</original>
    <mtime>1691588956</mtime>
    <size>12898</size>
    <md5>5dc8691ebedede37696660f61b8ad99b</md5>
    <crc32>94de337d</crc32>
    <sha1>b8aa2f29b569fc4a23418e4234779e4f7fc4e452</sha1>
  </file>
  <file name="HCW B.png" source="original">
    <mtime>1691588354</mtime>
    <size>26072</size>
    <md5>826dba5e327534ffd4762172ae6e318e</md5>
    <crc32>ce668c92</crc32>
    <sha1>8001357f8871100c37d1a54933aafa1c67330668</sha1>
    <format>PNG</format>
  </file>
  <file name="HCW B_thumb.jpg" source="derivative">
    <format>JPEG Thumb</format>
    <original>HCW B.png</original>
    <mtime>1691588963</mtime>
    <size>10647</size>
    <md5>185eb66859af5cdd75b33e6d9cd98dfe</md5>
    <crc32>456d9c70</crc32>
    <sha1>1bbcb09a4b8ed6fbf9315e6b35db825c274bea70</sha1>
  </file>
  <file name="HCW C.png" source="original">
    <mtime>1691588357</mtime>
    <size>22037</size>
    <md5>6211e27cd48041b311ac9fa6d2044832</md5>
    <crc32>614ef097</crc32>
    <sha1>a0dac0203c3fe5c7278ddfe3b657355e8c5b8043</sha1>
    <format>PNG</format>
  </file>
  <file name="HCW C_thumb.jpg" source="derivative">
    <format>JPEG Thumb</format>
    <original>HCW C.png</original>
    <mtime>1691588970</mtime>
    <size>10248</size>
    <md5>4f8e5e3d405a96ce22ba13f59624f874</md5>
    <crc32>c8687539</crc32>
    <sha1>76b300f4e14c0bdf4ecd5ca2c6b8da9121ccc4cb</sha1>
  </file>
  <file name="HCW.png" source="original">
    <mtime>1691588361</mtime>
    <size>26158</size>
    <md5>2ced9fe0f0fc9df826c9b6a596a3f575</md5>
    <crc32>9a2c8066</crc32>
    <sha1>c1d21490cfd190cb52eacaab36cdeeca29b5fe81</sha1>
    <format>PNG</format>
  </file>
  <file name="HCW_thumb.jpg" source="derivative">
    <format>JPEG Thumb</format>
    <original>HCW.png</original>
    <mtime>1691588977</mtime>
    <size>10639</size>
    <md5>d270ea742b18e729469f14923c3b1a3d</md5>
    <crc32>0338224a</crc32>
    <sha1>370171897c899494d46625ecd858664ff87fe078</sha1>
  </file>
  <file name="High Contrast #1.reg" source="original">
    <mtime>1691538369</mtime>
    <size>14918</size>
    <md5>5f60d3d173b8a03e9f934fe590f563e9</md5>
    <crc32>3cbb09f6</crc32>
    <sha1>0ccac1cb13e83260dadbb98ed82f7d9f5791c742</sha1>
    <format>Unknown</format>
    <viruscheck>1691538764</viruscheck>
  </file>
  <file name="High Contrast #2.reg" source="original">
    <mtime>1691538399</mtime>
    <size>14918</size>
    <md5>d66212bdb4804c32c409a471eeb10edf</md5>
    <crc32>e45fc4f9</crc32>
    <sha1>6607214f6000b88defb88646e5f68d2812db83df</sha1>
    <format>Unknown</format>
    <viruscheck>1691538764</viruscheck>
  </file>
  <file name="High Contrast Black.reg" source="original">
    <mtime>1691538401</mtime>
    <size>14950</size>
    <md5>eafc17db9edfc5cd13e7d8374b598b87</md5>
    <crc32>e0eeab16</crc32>
    <sha1>7587eab72abe21c1d98c9237beebf105478ae693</sha1>
    <format>Unknown</format>
    <viruscheck>1691538764</viruscheck>
  </file>
  <file name="High Contrast White.reg" source="original">
    <mtime>1691538405</mtime>
    <size>14942</size>
    <md5>da9f2132af64036a64ff2e5a4a7d422f</md5>
    <crc32>5eca5990</crc32>
    <sha1>f6b80b9cd1cd8b9f1cd1c56e72c4e1cd947867ee</sha1>
    <format>Unknown</format>
    <viruscheck>1691538764</viruscheck>
  </file>
  <file name="WS.png" source="original">
    <mtime>1691588364</mtime>
    <size>26485</size>
    <md5>11370a04109aa151436011a9a515caa4</md5>
    <crc32>b6d62669</crc32>
    <sha1>8681c3a986822a0c132acb063eeea03fe8730b5d</sha1>
    <format>PNG</format>
  </file>
  <file name="WS_thumb.jpg" source="derivative">
    <format>JPEG Thumb</format>
    <original>WS.png</original>
    <mtime>1691588984</mtime>
    <size>9719</size>
    <md5>2b5d83a6081c0531b861c8e692718f64</md5>
    <crc32>3ed6cb8d</crc32>
    <sha1>6eafa3908209660b9d5e5542ff45cc24f8cf7417</sha1>
  </file>
  <file name="Win10 - Aero.reg" source="original">
    <mtime>1691538411</mtime>
    <size>6232</size>
    <md5>e345e231efc80588a5e87b4526f7d6f5</md5>
    <crc32>4ded8e20</crc32>
    <sha1>0c24fd55067aa01cc7d1fa44179429771aa37352</sha1>
    <format>Unknown</format>
    <viruscheck>1691538764</viruscheck>
  </file>
  <file name="Win10 - Aerolite.reg" source="original">
    <mtime>1691538414</mtime>
    <size>6248</size>
    <md5>671a0bdcb038bf245b49c6f5071e4633</md5>
    <crc32>4c5ae0f0</crc32>
    <sha1>c5438032e106a8662fb83019a98f8f82db7a14c9</sha1>
    <format>Unknown</format>
    <viruscheck>1691538764</viruscheck>
  </file>
  <file name="Win10 - HC1.reg" source="original">
    <mtime>1691538416</mtime>
    <size>6280</size>
    <md5>401992cc22097f4c8368432c2b624a92</md5>
    <crc32>34118294</crc32>
    <sha1>3b0f431fc42bf43c9010250953262fc9470e69a1</sha1>
    <format>Unknown</format>
    <viruscheck>1691538764</viruscheck>
  </file>
  <file name="Win10 - HC2.reg" source="original">
    <mtime>1691538419</mtime>
    <size>6280</size>
    <md5>7b550bbca81469db96e432b5b22013b5</md5>
    <crc32>3d7c2c5c</crc32>
    <sha1>f29b4e51cd37f0ef3fcac8db52c33acef73cc493</sha1>
    <format>Unknown</format>
    <viruscheck>1691538764</viruscheck>
  </file>
  <file name="Win10 - HCBlack.reg" source="original">
    <mtime>1691538421</mtime>
    <size>6292</size>
    <md5>a354aa96f31bd02b0af280ac67d81cc8</md5>
    <crc32>38eb903a</crc32>
    <sha1>f037a3400f0eebe106509c0eb645628d06481754</sha1>
    <format>Unknown</format>
    <viruscheck>1691538764</viruscheck>
  </file>
  <file name="Win10 - HCWhite.reg" source="original">
    <mtime>1691538425</mtime>
    <size>6292</size>
    <md5>5171b8ac2b7bc169c80f4e1ab1fe2ab4</md5>
    <crc32>be9af669</crc32>
    <sha1>461689e1bb0a85b08e1469818e725a0b90b731af</sha1>
    <format>Unknown</format>
    <viruscheck>1691538764</viruscheck>
  </file>
  <file name="Windows Standard.reg" source="original">
    <mtime>1691538408</mtime>
    <size>14926</size>
    <md5>5ecb11fe0efbdc2b29877729d07ff24c</md5>
    <crc32>36604280</crc32>
    <sha1>f1aa36aac294038e4e1dc4d4bcb3080270f4094b</sha1>
    <format>Unknown</format>
    <viruscheck>1691538764</viruscheck>
  </file>
  <file name="__ia_thumb.jpg" source="original">
    <mtime>1691588423</mtime>
    <size>17484</size>
    <md5>285c93b689c48942445e74db7c60039d</md5>
    <crc32>385d780a</crc32>
    <sha1>f4445c3f5ad2c602f590d960a7ceefcbbbe9cc39</sha1>
    <format>Item Tile</format>
    <rotation>0</rotation>
  </file>
</files>
